{
  "activate_card": 0.9801324503311258,
  "activate_card_international_usage": 1.0,
  "apply_for_loan": 0.9829351535836177,
  "apply_for_mortgage": 0.9834983498349835,
  "block_card": 0.976271186440678,
  "cancel_card": 0.9511400651465798,
  "cancel_loan": 0.9863945578231292,
  "cancel_mortgage": 0.9765886287625418,
  "cancel_transfer": 0.9932885906040269,
  "check_card_annual_fee": 0.9932885906040269,
  "check_current_balance_on_card": 1.0,
  "check_fees": 0.9929577464788732,
  "check_loan_payments": 0.98989898989899,
  "check_mortgage_payments": 0.98989898989899,
  "check_recent_transactions": 1.0,
  "close_account": 0.9867549668874173,
  "create_account": 0.9932432432432432,
  "customer_service": 1.0,
  "dispute_ATM_withdrawal": 1.0,
  "find_ATM": 0.9866666666666667,
  "find_branch": 0.9899665551839465,
  "get_password": 0.9917355371900827,
  "human_agent": 1.0,
  "make_transfer": 0.9966555183946488,
  "recover_swallowed_card": 0.9830508474576272,
  "set_up_password": 0.9851851851851852
}