{
  "accuracy": [
    0.926737904548645,
    0.992785632610321,
    0.9955259561538696,
    0.9961411356925964,
    0.9965326189994812,
    0.9979307651519775,
    0.9986018538475037
  ],
  "loss": [
    0.3053116798400879,
    0.032769825309515,
    0.018221540376544,
    0.01538020744919777,
    0.013608292676508427,
    0.00806969404220581,
    0.005974953528493643
  ],
  "val_accuracy": [
    0.9893006086349487,
    0.9908663630485535,
    0.9903444647789001,
    0.9887787103652954,
    0.9890396595001221,
    0.9911273717880249,
    0.9903444647789001
  ],
  "val_loss": [
    0.09755460917949677,
    0.030822232365608215,
    0.03863135725259781,
    0.03872332349419594,
    0.0379280224442482,
    0.03457215428352356,
    0.03507595881819725
  ],
  "learning_rate": [
    0.0010000000474974513,
    0.0010000000474974513,
    0.0010000000474974513,
    0.0010000000474974513,
    0.0010000000474974513,
    0.0005000000237487257,
    0.0005000000237487257
  ]
}